/*
SQLyog Community v13.1.6 (64 bit)
MySQL - 10.4.17-MariaDB : Database - cineware
*********************************************************************
*/

/*!40101 SET NAMES utf8 */;

/*!40101 SET SQL_MODE=''*/;

/*!40014 SET @OLD_UNIQUE_CHECKS=@@UNIQUE_CHECKS, UNIQUE_CHECKS=0 */;
/*!40014 SET @OLD_FOREIGN_KEY_CHECKS=@@FOREIGN_KEY_CHECKS, FOREIGN_KEY_CHECKS=0 */;
/*!40101 SET @OLD_SQL_MODE=@@SQL_MODE, SQL_MODE='NO_AUTO_VALUE_ON_ZERO' */;
/*!40111 SET @OLD_SQL_NOTES=@@SQL_NOTES, SQL_NOTES=0 */;
CREATE DATABASE /*!32312 IF NOT EXISTS*/`cineware` /*!40100 DEFAULT CHARACTER SET utf8mb4 */;

USE `cineware`;

/*Table structure for table `actor` */

DROP TABLE IF EXISTS `actor`;

CREATE TABLE `actor` (
  `actorID` int(5) NOT NULL AUTO_INCREMENT,
  `firstname` varchar(255) DEFAULT NULL,
  `lastname` varchar(255) DEFAULT NULL,
  `dateOfBirth` date DEFAULT NULL,
  `nationality` varchar(255) DEFAULT NULL,
  `userID` int(5) DEFAULT NULL,
  PRIMARY KEY (`actorID`),
  KEY `userID` (`userID`),
  CONSTRAINT `actor_ibfk_1` FOREIGN KEY (`userID`) REFERENCES `user` (`userID`)
) ENGINE=InnoDB AUTO_INCREMENT=20 DEFAULT CHARSET=utf8mb4;

/*Data for the table `actor` */

insert  into `actor`(`actorID`,`firstname`,`lastname`,`dateOfBirth`,`nationality`,`userID`) values 
(1,'Milos','Bikovic','1988-01-13','Serbia',1),
(2,'Leonardo','Dicaprio','1974-11-11','United States',1),
(3,'Brad','Pitt','1963-12-18','United States',1),
(4,'Margot','Robbie','1990-07-02','Australia',1),
(5,'Tom','Hardy','1977-09-15','United Kingdom',1),
(6,'Matt','Damon','1970-10-08','United States',10),
(8,'Tom','Hanks','1956-07-09','United States',1),
(10,'Petar','Strugar','1988-03-23','Montenegro',10),
(11,'Nikola','Djuricko','1974-07-09','Serbia',10),
(12,'Viktor','Savic','1983-09-14','Serbia',10),
(13,'Michelle','Monaghan','1976-03-23','United States',1),
(14,'James','Marsden','1973-09-18','United States',1),
(15,'Cillian','Murphy','1976-05-25','Ireland',1);

/*Table structure for table `article` */

DROP TABLE IF EXISTS `article`;

CREATE TABLE `article` (
  `articleID` int(5) NOT NULL AUTO_INCREMENT,
  `price` decimal(10,0) DEFAULT NULL,
  `measurementUnit` varchar(255) DEFAULT NULL,
  PRIMARY KEY (`articleID`)
) ENGINE=InnoDB AUTO_INCREMENT=626 DEFAULT CHARSET=utf8mb4;

/*Data for the table `article` */

insert  into `article`(`articleID`,`price`,`measurementUnit`) values 
(10,380,'PCS'),
(11,380,'PCS'),
(12,380,'PCS'),
(13,380,'PCS'),
(14,380,'PCS'),
(15,380,'PCS'),
(16,380,'PCS'),
(17,380,'PCS'),
(18,380,'PCS'),
(19,380,'PCS'),
(20,380,'PCS'),
(21,380,'PCS'),
(22,380,'PCS'),
(23,380,'PCS'),
(24,380,'PCS'),
(25,380,'PCS'),
(26,380,'PCS'),
(27,380,'PCS'),
(28,380,'PCS'),
(29,380,'PCS'),
(30,380,'PCS'),
(31,380,'PCS'),
(32,380,'PCS'),
(33,380,'PCS'),
(34,380,'PCS'),
(35,220,'PCS'),
(36,220,'PCS'),
(37,220,'PCS'),
(38,220,'PCS'),
(39,220,'PCS'),
(40,220,'PCS'),
(41,220,'PCS'),
(42,220,'PCS'),
(43,220,'PCS'),
(44,220,'PCS'),
(45,220,'PCS'),
(46,220,'PCS'),
(47,220,'PCS'),
(48,220,'PCS'),
(49,220,'PCS'),
(50,220,'PCS'),
(51,220,'PCS'),
(52,220,'PCS'),
(53,220,'PCS'),
(54,220,'PCS'),
(55,220,'PCS'),
(56,220,'PCS'),
(57,220,'PCS'),
(58,220,'PCS'),
(59,220,'PCS'),
(60,220,'PCS'),
(61,220,'PCS'),
(62,220,'PCS'),
(63,280,'PCS'),
(64,280,'PCS'),
(65,280,'PCS'),
(66,280,'PCS'),
(67,280,'PCS'),
(68,280,'PCS'),
(69,280,'PCS'),
(70,280,'PCS'),
(71,280,'PCS'),
(72,280,'PCS'),
(73,280,'PCS'),
(74,280,'PCS'),
(75,280,'PCS'),
(76,280,'PCS'),
(77,280,'PCS'),
(78,280,'PCS'),
(79,280,'PCS'),
(80,280,'PCS'),
(81,280,'PCS'),
(82,280,'PCS'),
(83,280,'PCS'),
(84,280,'PCS'),
(85,280,'PCS'),
(86,280,'PCS'),
(87,280,'PCS'),
(88,280,'PCS'),
(89,280,'PCS'),
(90,280,'PCS'),
(91,280,'PCS'),
(92,280,'PCS'),
(93,280,'PCS'),
(94,280,'PCS'),
(95,280,'PCS'),
(96,280,'PCS'),
(97,280,'PCS'),
(98,280,'PCS'),
(99,280,'PCS'),
(100,280,'PCS'),
(101,280,'PCS'),
(102,280,'PCS'),
(103,280,'PCS'),
(104,280,'PCS'),
(105,280,'PCS'),
(106,280,'PCS'),
(107,280,'PCS'),
(108,280,'PCS'),
(109,280,'PCS'),
(110,280,'PCS'),
(111,280,'PCS'),
(112,280,'PCS'),
(113,280,'PCS'),
(114,280,'PCS'),
(115,280,'PCS'),
(116,280,'PCS'),
(117,280,'PCS'),
(118,280,'PCS'),
(119,280,'PCS'),
(120,280,'PCS'),
(121,280,'PCS'),
(122,280,'PCS'),
(123,280,'PCS'),
(124,280,'PCS'),
(125,280,'PCS'),
(126,280,'PCS'),
(127,280,'PCS'),
(128,250,'PCS'),
(129,250,'PCS'),
(130,250,'PCS'),
(131,250,'PCS'),
(132,250,'PCS'),
(133,250,'PCS'),
(134,250,'PCS'),
(135,250,'PCS'),
(136,250,'PCS'),
(137,250,'PCS'),
(138,250,'PCS'),
(139,250,'PCS'),
(140,250,'PCS'),
(141,250,'PCS'),
(142,250,'PCS'),
(143,250,'PCS'),
(144,250,'PCS'),
(145,250,'PCS'),
(146,250,'PCS'),
(147,250,'PCS'),
(148,250,'PCS'),
(149,250,'PCS'),
(150,250,'PCS'),
(151,250,'PCS'),
(152,250,'PCS'),
(153,310,'PCS'),
(154,310,'PCS'),
(155,310,'PCS'),
(156,310,'PCS'),
(157,310,'PCS'),
(158,310,'PCS'),
(159,310,'PCS'),
(160,310,'PCS'),
(161,310,'PCS'),
(162,310,'PCS'),
(163,310,'PCS'),
(164,310,'PCS'),
(165,310,'PCS'),
(166,310,'PCS'),
(167,310,'PCS'),
(168,310,'PCS'),
(169,310,'PCS'),
(170,310,'PCS'),
(171,310,'PCS'),
(172,310,'PCS'),
(173,310,'PCS'),
(174,310,'PCS'),
(175,310,'PCS'),
(176,310,'PCS'),
(177,310,'PCS'),
(178,310,'PCS'),
(179,310,'PCS'),
(180,310,'PCS'),
(181,310,'PCS'),
(182,310,'PCS'),
(183,310,'PCS'),
(184,310,'PCS'),
(185,310,'PCS'),
(186,310,'PCS'),
(187,310,'PCS'),
(188,310,'PCS'),
(189,310,'PCS'),
(190,310,'PCS'),
(191,310,'PCS'),
(192,310,'PCS'),
(193,310,'PCS'),
(194,310,'PCS'),
(195,310,'PCS'),
(196,310,'PCS'),
(197,310,'PCS'),
(198,310,'PCS'),
(199,310,'PCS'),
(200,310,'PCS'),
(201,310,'PCS'),
(202,310,'PCS'),
(203,310,'PCS'),
(204,310,'PCS'),
(205,310,'PCS'),
(206,310,'PCS'),
(207,310,'PCS'),
(208,310,'PCS'),
(209,310,'PCS'),
(210,310,'PCS'),
(211,310,'PCS'),
(212,310,'PCS'),
(213,310,'PCS'),
(214,310,'PCS'),
(215,310,'PCS'),
(216,310,'PCS'),
(217,310,'PCS'),
(218,310,'PCS'),
(219,310,'PCS'),
(220,310,'PCS'),
(221,310,'PCS'),
(222,310,'PCS'),
(223,310,'PCS'),
(224,310,'PCS'),
(225,310,'PCS'),
(226,310,'PCS'),
(227,310,'PCS'),
(228,310,'PCS'),
(229,310,'PCS'),
(230,310,'PCS'),
(231,310,'PCS'),
(232,310,'PCS'),
(233,310,'PCS'),
(234,310,'PCS'),
(235,310,'PCS'),
(236,310,'PCS'),
(237,310,'PCS'),
(238,310,'PCS'),
(239,310,'PCS'),
(240,310,'PCS'),
(241,310,'PCS'),
(242,310,'PCS'),
(243,310,'PCS'),
(244,310,'PCS'),
(245,310,'PCS'),
(246,420,'PCS'),
(247,420,'PCS'),
(248,420,'PCS'),
(249,420,'PCS'),
(250,420,'PCS'),
(251,420,'PCS'),
(252,420,'PCS'),
(253,420,'PCS'),
(254,420,'PCS'),
(255,420,'PCS'),
(256,420,'PCS'),
(257,420,'PCS'),
(258,420,'PCS'),
(259,420,'PCS'),
(260,420,'PCS'),
(261,420,'PCS'),
(262,420,'PCS'),
(263,420,'PCS'),
(264,420,'PCS'),
(265,420,'PCS'),
(266,420,'PCS'),
(267,420,'PCS'),
(268,420,'PCS'),
(269,420,'PCS'),
(270,420,'PCS'),
(271,420,'PCS'),
(272,420,'PCS'),
(273,420,'PCS'),
(274,370,'PCS'),
(275,370,'PCS'),
(276,370,'PCS'),
(277,370,'PCS'),
(278,370,'PCS'),
(279,370,'PCS'),
(280,370,'PCS'),
(281,370,'PCS'),
(282,370,'PCS'),
(283,370,'PCS'),
(284,370,'PCS'),
(285,370,'PCS'),
(286,370,'PCS'),
(287,370,'PCS'),
(288,370,'PCS'),
(289,370,'PCS'),
(290,370,'PCS'),
(291,370,'PCS'),
(292,370,'PCS'),
(293,370,'PCS'),
(294,370,'PCS'),
(295,370,'PCS'),
(296,370,'PCS'),
(297,370,'PCS'),
(298,370,'PCS'),
(299,370,'PCS'),
(300,370,'PCS'),
(301,370,'PCS'),
(302,370,'PCS'),
(303,370,'PCS'),
(304,370,'PCS'),
(305,370,'PCS'),
(306,370,'PCS'),
(307,370,'PCS'),
(308,370,'PCS'),
(309,370,'PCS'),
(310,370,'PCS'),
(311,370,'PCS'),
(312,370,'PCS'),
(313,370,'PCS'),
(314,180,'PCS'),
(315,180,'PCS'),
(316,180,'PCS'),
(317,180,'PCS'),
(318,180,'PCS'),
(319,180,'PCS'),
(320,180,'PCS'),
(321,180,'PCS'),
(322,180,'PCS'),
(323,180,'PCS'),
(324,180,'PCS'),
(325,180,'PCS'),
(330,120,'L'),
(333,150,'PCS'),
(334,160,'PCS'),
(335,380,'G'),
(336,100,'L'),
(337,500,'PCS'),
(338,350,'PCS'),
(339,350,'PCS'),
(340,350,'PCS'),
(341,350,'PCS'),
(342,350,'PCS'),
(343,350,'PCS'),
(344,350,'PCS'),
(345,350,'PCS'),
(346,350,'PCS'),
(347,350,'PCS'),
(348,350,'PCS'),
(349,350,'PCS'),
(350,350,'PCS'),
(351,350,'PCS'),
(352,350,'PCS'),
(353,350,'PCS'),
(354,350,'PCS'),
(355,350,'PCS'),
(356,350,'PCS'),
(357,350,'PCS'),
(358,350,'PCS'),
(359,350,'PCS'),
(360,350,'PCS'),
(361,350,'PCS'),
(362,350,'PCS'),
(363,350,'PCS'),
(364,350,'PCS'),
(365,350,'PCS'),
(366,350,'PCS'),
(367,350,'PCS'),
(368,350,'PCS'),
(369,350,'PCS'),
(370,350,'PCS'),
(371,350,'PCS'),
(372,350,'PCS'),
(373,350,'PCS'),
(374,350,'PCS'),
(375,350,'PCS'),
(376,350,'PCS'),
(377,350,'PCS'),
(378,350,'PCS'),
(379,350,'PCS'),
(380,350,'PCS'),
(381,350,'PCS'),
(382,350,'PCS'),
(383,350,'PCS'),
(384,350,'PCS'),
(385,350,'PCS'),
(386,350,'PCS'),
(387,350,'PCS'),
(388,350,'PCS'),
(389,350,'PCS'),
(390,350,'PCS'),
(391,220,'PCS'),
(392,220,'PCS'),
(393,220,'PCS'),
(394,220,'PCS'),
(395,220,'PCS'),
(396,220,'PCS'),
(397,220,'PCS'),
(398,220,'PCS'),
(399,220,'PCS'),
(400,220,'PCS'),
(401,220,'PCS'),
(402,220,'PCS'),
(403,220,'PCS'),
(404,220,'PCS'),
(405,220,'PCS'),
(406,220,'PCS'),
(407,220,'PCS'),
(408,220,'PCS'),
(409,220,'PCS'),
(410,220,'PCS'),
(411,220,'PCS'),
(412,220,'PCS'),
(413,220,'PCS'),
(414,220,'PCS'),
(415,220,'PCS'),
(416,220,'PCS'),
(417,220,'PCS'),
(418,220,'PCS'),
(419,220,'PCS'),
(420,220,'PCS'),
(421,220,'PCS'),
(422,220,'PCS'),
(423,220,'PCS'),
(424,220,'PCS'),
(425,220,'PCS'),
(426,220,'PCS'),
(427,220,'PCS'),
(428,220,'PCS'),
(429,220,'PCS'),
(430,220,'PCS'),
(431,230,'PCS'),
(432,230,'PCS'),
(433,230,'PCS'),
(434,230,'PCS'),
(435,230,'PCS'),
(436,230,'PCS'),
(437,230,'PCS'),
(438,230,'PCS'),
(439,230,'PCS'),
(440,230,'PCS'),
(441,230,'PCS'),
(442,230,'PCS'),
(443,230,'PCS'),
(444,230,'PCS'),
(445,230,'PCS'),
(446,230,'PCS'),
(447,230,'PCS'),
(448,230,'PCS'),
(449,230,'PCS'),
(450,230,'PCS'),
(451,230,'PCS'),
(452,230,'PCS'),
(453,230,'PCS'),
(454,230,'PCS'),
(455,230,'PCS'),
(456,420,'PCS'),
(457,420,'PCS'),
(458,420,'PCS'),
(459,420,'PCS'),
(460,420,'PCS'),
(461,420,'PCS'),
(462,420,'PCS'),
(463,420,'PCS'),
(464,420,'PCS'),
(465,420,'PCS'),
(466,420,'PCS'),
(467,420,'PCS'),
(468,420,'PCS'),
(469,420,'PCS'),
(470,420,'PCS'),
(471,420,'PCS'),
(472,420,'PCS'),
(473,420,'PCS'),
(474,420,'PCS'),
(475,420,'PCS'),
(476,420,'PCS'),
(477,420,'PCS'),
(478,420,'PCS'),
(479,420,'PCS'),
(480,420,'PCS'),
(481,320,'PCS'),
(482,320,'PCS'),
(483,320,'PCS'),
(484,320,'PCS'),
(485,320,'PCS'),
(486,320,'PCS'),
(487,320,'PCS'),
(488,320,'PCS'),
(489,320,'PCS'),
(490,320,'PCS'),
(491,320,'PCS'),
(492,320,'PCS'),
(493,320,'PCS'),
(494,320,'PCS'),
(495,320,'PCS'),
(496,320,'PCS'),
(497,320,'PCS'),
(498,320,'PCS'),
(499,320,'PCS'),
(500,320,'PCS'),
(501,320,'PCS'),
(502,320,'PCS'),
(503,320,'PCS'),
(504,320,'PCS'),
(505,320,'PCS'),
(506,320,'PCS'),
(507,320,'PCS'),
(508,320,'PCS'),
(509,250,'PCS'),
(510,250,'PCS'),
(511,250,'PCS'),
(512,250,'PCS'),
(513,250,'PCS'),
(514,250,'PCS'),
(515,250,'PCS'),
(516,250,'PCS'),
(517,250,'PCS'),
(518,250,'PCS'),
(519,250,'PCS'),
(520,250,'PCS'),
(521,480,'PCS'),
(522,480,'PCS'),
(523,480,'PCS'),
(524,480,'PCS'),
(525,480,'PCS'),
(526,480,'PCS'),
(527,480,'PCS'),
(528,480,'PCS'),
(529,480,'PCS'),
(530,480,'PCS'),
(531,480,'PCS'),
(532,480,'PCS'),
(533,220,'PCS'),
(534,220,'PCS'),
(535,220,'PCS'),
(536,220,'PCS'),
(537,220,'PCS'),
(538,220,'PCS'),
(539,220,'PCS'),
(540,220,'PCS'),
(541,220,'PCS'),
(542,220,'PCS'),
(543,220,'PCS'),
(544,220,'PCS'),
(545,220,'PCS'),
(546,220,'PCS'),
(547,220,'PCS'),
(548,220,'PCS'),
(549,220,'PCS'),
(550,220,'PCS'),
(551,220,'PCS'),
(552,220,'PCS'),
(553,220,'PCS'),
(554,220,'PCS'),
(555,220,'PCS'),
(556,220,'PCS'),
(557,220,'PCS'),
(558,220,'PCS'),
(559,220,'PCS'),
(560,220,'PCS'),
(561,180,'PCS'),
(562,180,'PCS'),
(563,180,'PCS'),
(564,180,'PCS'),
(565,180,'PCS'),
(566,180,'PCS'),
(567,180,'PCS'),
(568,180,'PCS'),
(569,180,'PCS'),
(570,180,'PCS'),
(571,180,'PCS'),
(572,180,'PCS'),
(573,180,'PCS'),
(574,180,'PCS'),
(575,180,'PCS'),
(576,180,'PCS'),
(577,180,'PCS'),
(578,180,'PCS'),
(579,180,'PCS'),
(580,180,'PCS'),
(581,180,'PCS'),
(582,180,'PCS'),
(583,180,'PCS'),
(584,180,'PCS'),
(585,180,'PCS'),
(586,320,'PCS'),
(587,320,'PCS'),
(588,320,'PCS'),
(589,320,'PCS'),
(590,320,'PCS'),
(591,320,'PCS'),
(592,320,'PCS'),
(593,320,'PCS'),
(594,320,'PCS'),
(595,320,'PCS'),
(596,320,'PCS'),
(597,320,'PCS'),
(598,320,'PCS'),
(599,320,'PCS'),
(600,320,'PCS'),
(601,320,'PCS'),
(602,320,'PCS'),
(603,320,'PCS'),
(604,320,'PCS'),
(605,320,'PCS'),
(606,320,'PCS'),
(607,320,'PCS'),
(608,320,'PCS'),
(609,320,'PCS'),
(610,320,'PCS'),
(611,320,'PCS'),
(612,320,'PCS'),
(613,320,'PCS'),
(614,320,'PCS'),
(615,320,'PCS'),
(616,320,'PCS'),
(617,320,'PCS'),
(618,320,'PCS'),
(619,320,'PCS'),
(620,320,'PCS'),
(621,320,'PCS'),
(622,320,'PCS'),
(623,320,'PCS'),
(624,320,'PCS'),
(625,320,'PCS');

/*Table structure for table `director` */

DROP TABLE IF EXISTS `director`;

CREATE TABLE `director` (
  `directorID` int(10) NOT NULL AUTO_INCREMENT,
  `firstname` varchar(255) DEFAULT NULL,
  `lastname` varchar(255) DEFAULT NULL,
  `dateOfBirth` date DEFAULT NULL,
  `nationality` varchar(255) DEFAULT NULL,
  `userID` int(10) DEFAULT NULL,
  PRIMARY KEY (`directorID`),
  KEY `userID` (`userID`),
  CONSTRAINT `director_ibfk_1` FOREIGN KEY (`userID`) REFERENCES `user` (`userID`)
) ENGINE=InnoDB AUTO_INCREMENT=19 DEFAULT CHARSET=utf8mb4;

/*Data for the table `director` */

insert  into `director`(`directorID`,`firstname`,`lastname`,`dateOfBirth`,`nationality`,`userID`) values 
(1,'Quentin','Tarantino','1963-03-27','United States',1),
(2,'Robert','Zemeckis','1952-05-14','United States',10),
(3,'Emir','Kusturica','1954-11-24','Serbia',10),
(4,'Steven','Spielberg','1946-12-01','United States',1),
(5,'Roman','Polanski','1933-08-16','France',1),
(8,'Dragan','Bjelogrlic','1963-10-10','Serbia',10),
(9,'Michael','Hoffman','1956-11-30','United States',1),
(10,'Ridley','Scott','1937-11-30','United Kingdom',1),
(11,'Christopher','Nolan','1970-07-30','United Kingdom',1),
(13,'Clint','Eastwood','1930-05-31','United States',1),
(17,'David','Fincher','1962-08-28','United States',1);

/*Table structure for table `hall` */

DROP TABLE IF EXISTS `hall`;

CREATE TABLE `hall` (
  `hallID` int(10) NOT NULL AUTO_INCREMENT,
  `hallName` varchar(255) DEFAULT NULL,
  `numberOfSeats` int(10) DEFAULT NULL,
  PRIMARY KEY (`hallID`)
) ENGINE=InnoDB AUTO_INCREMENT=5 DEFAULT CHARSET=utf8mb4;

/*Data for the table `hall` */

insert  into `hall`(`hallID`,`hallName`,`numberOfSeats`) values 
(1,'Nikola Tesla',20),
(2,'Elon Musk',28),
(3,'James Gosling',40),
(4,'Marilyn Monroe',12);

/*Table structure for table `invoice` */

DROP TABLE IF EXISTS `invoice`;

CREATE TABLE `invoice` (
  `invoiceID` int(10) NOT NULL AUTO_INCREMENT,
  `number` int(10) DEFAULT NULL,
  `date` date DEFAULT NULL,
  `total` decimal(10,0) DEFAULT NULL,
  `userID` int(5) DEFAULT NULL,
  PRIMARY KEY (`invoiceID`),
  KEY `userID` (`userID`),
  CONSTRAINT `invoice_ibfk_1` FOREIGN KEY (`userID`) REFERENCES `user` (`userID`)
) ENGINE=InnoDB AUTO_INCREMENT=24 DEFAULT CHARSET=utf8mb4;

/*Data for the table `invoice` */

insert  into `invoice`(`invoiceID`,`number`,`date`,`total`,`userID`) values 
(14,1,'2021-02-17',580,1),
(15,2,'2021-02-17',1360,1),
(16,3,'2021-02-17',3590,10),
(17,4,'2021-02-17',1760,1),
(18,5,'2021-02-17',1260,1),
(19,6,'2021-02-17',740,1),
(20,1,'2021-02-17',-580,1),
(21,6,'2021-02-17',-740,1),
(22,7,'2021-02-17',1290,1),
(23,7,'2021-02-17',-1290,1);

/*Table structure for table `invoice_item` */

DROP TABLE IF EXISTS `invoice_item`;

CREATE TABLE `invoice_item` (
  `invoiceID` int(10) NOT NULL,
  `orderNumber` int(5) NOT NULL,
  `price` decimal(10,0) DEFAULT NULL,
  `quantity` int(10) DEFAULT NULL,
  `unit` varchar(255) DEFAULT NULL,
  `articleID` int(5) DEFAULT NULL,
  `total` decimal(10,0) DEFAULT NULL,
  PRIMARY KEY (`invoiceID`,`orderNumber`),
  KEY `articleID` (`articleID`),
  CONSTRAINT `invoice_item_ibfk_1` FOREIGN KEY (`invoiceID`) REFERENCES `invoice` (`invoiceID`) ON DELETE CASCADE,
  CONSTRAINT `invoice_item_ibfk_2` FOREIGN KEY (`articleID`) REFERENCES `article` (`articleID`)
) ENGINE=InnoDB DEFAULT CHARSET=utf8mb4;

/*Data for the table `invoice_item` */

insert  into `invoice_item`(`invoiceID`,`orderNumber`,`price`,`quantity`,`unit`,`articleID`,`total`) values 
(14,1,120,1,'L',330,120),
(14,2,230,1,'PCS',431,230),
(14,3,230,1,'PCS',432,230),
(15,1,230,1,'PCS',433,230),
(15,2,230,1,'PCS',434,230),
(15,3,120,2,'L',330,240),
(15,4,380,1,'G',335,380),
(16,1,420,1,'PCS',456,420),
(16,2,420,1,'PCS',457,420),
(16,3,420,1,'PCS',458,420),
(16,4,420,1,'PCS',459,420),
(16,5,120,2,'L',330,240),
(16,6,160,2,'PCS',334,320),
(16,7,100,2,'L',336,200),
(16,8,500,2,'PCS',337,1000),
(16,9,150,1,'PCS',333,150),
(17,1,320,1,'PCS',481,320),
(17,2,320,1,'PCS',482,320),
(17,3,120,2,'L',330,240),
(17,4,380,1,'G',335,380),
(18,1,320,1,'PCS',483,320),
(18,2,320,1,'PCS',484,320),
(18,3,120,2,'L',330,240),
(18,4,380,1,'G',335,380),
(19,1,120,2,'L',330,240),
(19,2,250,1,'PCS',509,250),
(19,3,250,1,'PCS',510,250),
(20,1,-120,1,'L',330,-120),
(20,2,-230,1,'PCS',431,-230),
(20,3,-230,1,'PCS',432,-230),
(21,1,-120,2,'L',330,-240),
(21,2,-250,1,'PCS',509,-250),
(21,3,250,1,'PCS',510,-250),
(22,1,150,1,'PCS',333,150),
(22,2,160,1,'PCS',334,160),
(22,3,380,1,'G',335,380),
(22,4,100,2,'L',336,200),
(22,5,400,1,'PCS',521,400),
(23,1,-150,1,'PCS',333,-150),
(23,2,-160,1,'PCS',334,-160),
(23,3,-380,1,'G',335,-380),
(23,4,-100,2,'L',336,-200),
(23,5,-400,1,'PCS',521,-400);

/*Table structure for table `movie` */

DROP TABLE IF EXISTS `movie`;

CREATE TABLE `movie` (
  `movieID` int(5) NOT NULL AUTO_INCREMENT,
  `name` varchar(255) DEFAULT NULL,
  `description` varchar(500) DEFAULT NULL,
  `genre` varchar(255) DEFAULT NULL,
  `runtime` int(5) DEFAULT NULL,
  `year` int(4) DEFAULT NULL,
  `directorID` int(5) DEFAULT NULL,
  `userID` int(5) DEFAULT NULL,
  PRIMARY KEY (`movieID`),
  KEY `directorID` (`directorID`),
  KEY `userID` (`userID`),
  CONSTRAINT `movie_ibfk_1` FOREIGN KEY (`directorID`) REFERENCES `director` (`directorID`),
  CONSTRAINT `movie_ibfk_2` FOREIGN KEY (`userID`) REFERENCES `user` (`userID`)
) ENGINE=InnoDB AUTO_INCREMENT=19 DEFAULT CHARSET=utf8mb4;

/*Data for the table `movie` */

insert  into `movie`(`movieID`,`name`,`description`,`genre`,`runtime`,`year`,`directorID`,`userID`) values 
(8,'Once Upon a Time... In Hollywood','A faded television actor and his stunt double strive to achieve fame and success in the final years of Hollywood\'s Golden Age in 1969 Los Angeles.','Drama',161,2019,1,1),
(9,'Forrest Gump','The presidencies of Kennedy and Johnson, the events of Vietnam, Watergate and other historical events unfold through the perspective of an Alabama man with an IQ of 75, whose only desire is to be reunited with his childhood sweetheart.','Action',142,1994,2,1),
(10,'Montevideo, Bog te video!','A story about Serbian football team that decides to follow a dream that takes them on a journey to the First World Football Championship in Montevideo, Uruguay in 1930. A dream that allows them to become true stars and living legends.','Adventure',140,2010,8,10),
(11,'Montevideo, vidimo se!','A football team from Belgrade, in the former Yugoslavia, gets a chance to go to the First World Football Championship, but things get complicated along the way.','Action',141,2014,8,1),
(12,'The Best of Me','A pair of former high school sweethearts reunite after many years when they return to visit their small hometown.','Romance',118,2014,9,1),
(13,'The Martian','An astronaut becomes stranded on Mars after his team assume him dead, and must rely on his ingenuity to find a way to signal to Earth that he is alive.','SciFi',144,2015,10,1),
(14,'Inception','A thief who steals corporate secrets through the use of dream-sharing technology is given the inverse task of planting an idea into the mind of a C.E.O.','Action',148,2010,11,1),
(15,'Fight Club','An insomniac office worker and a devil-may-care soapmaker form an underground fight club that evolves into something much, much more.','Drama',139,1999,17,1);

/*Table structure for table `movie_actor` */

DROP TABLE IF EXISTS `movie_actor`;

CREATE TABLE `movie_actor` (
  `id` int(5) NOT NULL AUTO_INCREMENT,
  `movieID` int(5) DEFAULT NULL,
  `actorID` int(5) DEFAULT NULL,
  PRIMARY KEY (`id`),
  KEY `actorID` (`actorID`),
  KEY `movie_actor_ibfk_1` (`movieID`),
  CONSTRAINT `movie_actor_ibfk_1` FOREIGN KEY (`movieID`) REFERENCES `movie` (`movieID`) ON DELETE CASCADE,
  CONSTRAINT `movie_actor_ibfk_2` FOREIGN KEY (`actorID`) REFERENCES `actor` (`actorID`)
) ENGINE=InnoDB AUTO_INCREMENT=53 DEFAULT CHARSET=utf8mb4;

/*Data for the table `movie_actor` */

insert  into `movie_actor`(`id`,`movieID`,`actorID`) values 
(14,8,2),
(15,8,3),
(16,8,4),
(17,9,8),
(18,10,1),
(19,10,10),
(20,10,12),
(21,10,11),
(26,12,14),
(27,12,13),
(28,13,6),
(29,14,2),
(30,14,5),
(31,14,15),
(32,15,3),
(49,11,1),
(50,11,12),
(51,11,11),
(52,11,10);

/*Table structure for table `product` */

DROP TABLE IF EXISTS `product`;

CREATE TABLE `product` (
  `articleID` int(5) NOT NULL,
  `name` varchar(255) DEFAULT NULL,
  `type` varchar(255) DEFAULT NULL,
  `userID` int(10) DEFAULT NULL,
  PRIMARY KEY (`articleID`),
  KEY `userID` (`userID`),
  CONSTRAINT `product_ibfk_1` FOREIGN KEY (`articleID`) REFERENCES `article` (`articleID`) ON DELETE CASCADE,
  CONSTRAINT `product_ibfk_2` FOREIGN KEY (`userID`) REFERENCES `user` (`userID`)
) ENGINE=InnoDB DEFAULT CHARSET=armscii8;

/*Data for the table `product` */

insert  into `product`(`articleID`,`name`,`type`,`userID`) values 
(330,'Coca-cola 0.5L','DRINK',1),
(333,'Bounty','FOOD',1),
(334,'Snickers','FOOD',1),
(335,'Popcorn 500g','FOOD',1),
(336,'Water 0.5L','DRINK',1),
(337,'Nachos','DRINK',1);

/*Table structure for table `projection` */

DROP TABLE IF EXISTS `projection`;

CREATE TABLE `projection` (
  `projectionID` int(10) NOT NULL AUTO_INCREMENT,
  `startTime` datetime DEFAULT NULL,
  `endTime` datetime DEFAULT NULL,
  `price` decimal(10,0) DEFAULT NULL,
  `hallID` int(10) DEFAULT NULL,
  `movieID` int(10) DEFAULT NULL,
  `userID` int(10) DEFAULT NULL,
  PRIMARY KEY (`projectionID`),
  KEY `hallID` (`hallID`),
  KEY `movieID` (`movieID`),
  KEY `userID` (`userID`),
  CONSTRAINT `projection_ibfk_1` FOREIGN KEY (`hallID`) REFERENCES `hall` (`hallID`),
  CONSTRAINT `projection_ibfk_2` FOREIGN KEY (`movieID`) REFERENCES `movie` (`movieID`),
  CONSTRAINT `projection_ibfk_3` FOREIGN KEY (`userID`) REFERENCES `user` (`userID`)
) ENGINE=InnoDB AUTO_INCREMENT=55 DEFAULT CHARSET=utf8mb4;

/*Data for the table `projection` */

insert  into `projection`(`projectionID`,`startTime`,`endTime`,`price`,`hallID`,`movieID`,`userID`) values 
(33,'2021-02-13 16:00:00','2021-02-13 18:19:00',380,1,15,1),
(34,'2021-02-13 21:00:00','2021-02-13 23:20:00',220,2,10,1),
(35,'2021-02-13 18:00:00','2021-02-13 19:58:00',280,3,12,1),
(36,'2021-02-13 19:00:00','2021-02-13 21:28:00',280,1,14,1),
(37,'2021-02-14 19:00:00','2021-02-14 21:22:00',250,1,9,1),
(39,'2021-02-14 12:00:00','2021-02-14 14:24:00',310,2,13,1),
(41,'2021-02-13 14:45:00','2021-02-13 17:04:00',420,2,15,1),
(42,'2021-02-13 14:45:00','2021-02-13 17:07:00',370,3,9,1),
(43,'2021-02-13 14:45:00','2021-02-13 17:06:00',180,4,11,1),
(44,'2021-02-16 18:00:00','2021-02-16 20:19:00',350,1,15,1),
(45,'2021-02-16 21:00:00','2021-02-16 23:28:00',350,2,14,1),
(46,'2021-02-17 12:00:00','2021-02-17 14:24:00',220,3,13,1),
(47,'2021-02-17 17:00:00','2021-02-17 18:58:00',230,1,12,1),
(48,'2021-02-17 21:15:00','2021-02-17 23:35:00',420,1,10,10),
(49,'2021-02-17 22:15:00','2021-02-18 00:37:00',320,2,9,1),
(50,'2021-02-18 20:00:00','2021-02-18 22:41:00',250,4,8,1),
(51,'2021-02-18 14:00:00','2021-02-18 16:28:00',480,4,14,1),
(52,'2021-02-19 19:45:00','2021-02-19 22:04:00',220,2,15,1),
(53,'2021-03-06 17:30:00','2021-03-06 19:49:00',210,2,15,1),
(54,'2021-02-19 16:00:00','2021-02-19 18:24:00',320,3,13,1);

/*Table structure for table `seat` */

DROP TABLE IF EXISTS `seat`;

CREATE TABLE `seat` (
  `seatID` int(10) NOT NULL AUTO_INCREMENT,
  `hallID` int(10) NOT NULL,
  `number` int(10) DEFAULT NULL,
  `row` varchar(1) DEFAULT NULL,
  PRIMARY KEY (`seatID`,`hallID`),
  KEY `hallID` (`hallID`),
  CONSTRAINT `seat_ibfk_1` FOREIGN KEY (`hallID`) REFERENCES `hall` (`hallID`)
) ENGINE=InnoDB AUTO_INCREMENT=109 DEFAULT CHARSET=utf8mb4;

/*Data for the table `seat` */

insert  into `seat`(`seatID`,`hallID`,`number`,`row`) values 
(4,1,1,'A'),
(5,1,2,'A'),
(6,1,3,'A'),
(7,1,4,'A'),
(8,1,5,'A'),
(9,1,1,'B'),
(10,1,2,'B'),
(11,1,3,'B'),
(12,1,4,'B'),
(13,1,5,'B'),
(14,1,1,'C'),
(15,1,2,'C'),
(16,1,3,'C'),
(17,1,4,'C'),
(18,1,5,'C'),
(19,1,1,'D'),
(20,1,2,'D'),
(21,1,3,'D'),
(22,1,4,'D'),
(23,1,5,'D'),
(24,1,1,'E'),
(25,1,2,'E'),
(26,1,3,'E'),
(27,1,4,'E'),
(28,1,5,'E'),
(29,2,1,'A'),
(30,2,2,'A'),
(31,2,3,'A'),
(32,2,4,'A'),
(33,2,1,'B'),
(34,2,2,'B'),
(35,2,3,'B'),
(36,2,4,'B'),
(37,2,1,'C'),
(38,2,2,'C'),
(39,2,3,'C'),
(40,2,4,'C'),
(41,2,1,'D'),
(42,2,2,'D'),
(43,2,3,'D'),
(44,2,4,'D'),
(45,2,1,'E'),
(46,2,2,'E'),
(47,2,3,'E'),
(48,2,4,'E'),
(49,2,1,'F'),
(50,2,2,'F'),
(51,2,3,'F'),
(52,2,4,'F'),
(53,2,1,'G'),
(54,2,2,'G'),
(55,2,3,'G'),
(56,2,4,'G'),
(57,3,1,'A'),
(58,3,2,'A'),
(59,3,3,'A'),
(60,3,4,'A'),
(61,3,5,'A'),
(62,3,1,'B'),
(63,3,2,'B'),
(64,3,3,'B'),
(65,3,4,'B'),
(66,3,5,'B'),
(67,3,1,'C'),
(68,3,2,'C'),
(69,3,3,'C'),
(70,3,4,'C'),
(71,3,5,'C'),
(72,3,1,'D'),
(73,3,2,'D'),
(74,3,3,'D'),
(75,3,4,'D'),
(76,3,5,'D'),
(77,3,1,'E'),
(78,3,2,'E'),
(79,3,3,'E'),
(80,3,4,'E'),
(81,3,5,'E'),
(82,3,1,'F'),
(83,3,2,'F'),
(84,3,3,'F'),
(85,3,4,'F'),
(86,3,5,'F'),
(87,3,1,'G'),
(88,3,2,'G'),
(89,3,3,'G'),
(90,3,4,'G'),
(91,3,5,'G'),
(92,3,1,'H'),
(93,3,2,'H'),
(94,3,3,'H'),
(95,3,4,'H'),
(96,3,5,'H'),
(97,4,1,'A'),
(98,4,2,'A'),
(99,4,3,'A'),
(100,4,4,'A'),
(101,4,1,'B'),
(102,4,2,'B'),
(103,4,3,'B'),
(104,4,4,'B'),
(105,4,1,'C'),
(106,4,2,'C'),
(107,4,3,'C'),
(108,4,4,'C');

/*Table structure for table `ticket` */

DROP TABLE IF EXISTS `ticket`;

CREATE TABLE `ticket` (
  `articleID` int(5) NOT NULL,
  `sold` tinyint(1) DEFAULT NULL,
  `projectionID` int(5) DEFAULT NULL,
  `seatID` int(5) DEFAULT NULL,
  PRIMARY KEY (`articleID`),
  KEY `projectionID` (`projectionID`),
  KEY `seatID` (`seatID`),
  CONSTRAINT `ticket_ibfk_1` FOREIGN KEY (`articleID`) REFERENCES `article` (`articleID`) ON DELETE CASCADE,
  CONSTRAINT `ticket_ibfk_2` FOREIGN KEY (`projectionID`) REFERENCES `projection` (`projectionID`) ON DELETE CASCADE,
  CONSTRAINT `ticket_ibfk_3` FOREIGN KEY (`seatID`) REFERENCES `seat` (`seatID`)
) ENGINE=InnoDB DEFAULT CHARSET=utf8mb4;

/*Data for the table `ticket` */

insert  into `ticket`(`articleID`,`sold`,`projectionID`,`seatID`) values 
(10,0,33,4),
(11,0,33,5),
(12,0,33,6),
(13,0,33,7),
(14,0,33,8),
(15,0,33,9),
(16,0,33,10),
(17,0,33,11),
(18,0,33,12),
(19,0,33,13),
(20,0,33,14),
(21,0,33,15),
(22,0,33,16),
(23,0,33,17),
(24,0,33,18),
(25,0,33,19),
(26,0,33,20),
(27,0,33,21),
(28,0,33,22),
(29,0,33,23),
(30,0,33,24),
(31,0,33,25),
(32,0,33,26),
(33,0,33,27),
(34,0,33,28),
(35,0,34,29),
(36,0,34,30),
(37,0,34,31),
(38,0,34,32),
(39,0,34,33),
(40,0,34,34),
(41,0,34,35),
(42,0,34,36),
(43,0,34,37),
(44,0,34,38),
(45,0,34,39),
(46,0,34,40),
(47,0,34,41),
(48,0,34,42),
(49,0,34,43),
(50,0,34,44),
(51,0,34,45),
(52,0,34,46),
(53,0,34,47),
(54,0,34,48),
(55,0,34,49),
(56,0,34,50),
(57,0,34,51),
(58,0,34,52),
(59,0,34,53),
(60,0,34,54),
(61,0,34,55),
(62,0,34,56),
(63,0,35,57),
(64,0,35,58),
(65,0,35,59),
(66,0,35,60),
(67,0,35,61),
(68,0,35,62),
(69,0,35,63),
(70,0,35,64),
(71,0,35,65),
(72,0,35,66),
(73,0,35,67),
(74,0,35,68),
(75,0,35,69),
(76,0,35,70),
(77,0,35,71),
(78,0,35,72),
(79,0,35,73),
(80,0,35,74),
(81,0,35,75),
(82,0,35,76),
(83,0,35,77),
(84,0,35,78),
(85,0,35,79),
(86,0,35,80),
(87,0,35,81),
(88,0,35,82),
(89,0,35,83),
(90,0,35,84),
(91,0,35,85),
(92,0,35,86),
(93,0,35,87),
(94,0,35,88),
(95,0,35,89),
(96,0,35,90),
(97,0,35,91),
(98,0,35,92),
(99,0,35,93),
(100,0,35,94),
(101,0,35,95),
(102,0,35,96),
(103,0,36,4),
(104,0,36,5),
(105,0,36,6),
(106,0,36,7),
(107,0,36,8),
(108,0,36,9),
(109,0,36,10),
(110,0,36,11),
(111,0,36,12),
(112,0,36,13),
(113,0,36,14),
(114,0,36,15),
(115,0,36,16),
(116,0,36,17),
(117,0,36,18),
(118,0,36,19),
(119,0,36,20),
(120,0,36,21),
(121,0,36,22),
(122,0,36,23),
(123,0,36,24),
(124,0,36,25),
(125,0,36,26),
(126,0,36,27),
(127,0,36,28),
(128,0,37,4),
(129,0,37,5),
(130,0,37,6),
(131,0,37,7),
(132,0,37,8),
(133,0,37,9),
(134,0,37,10),
(135,0,37,11),
(136,0,37,12),
(137,0,37,13),
(138,0,37,14),
(139,0,37,15),
(140,0,37,16),
(141,0,37,17),
(142,0,37,18),
(143,0,37,19),
(144,0,37,20),
(145,0,37,21),
(146,0,37,22),
(147,0,37,23),
(148,0,37,24),
(149,0,37,25),
(150,0,37,26),
(151,0,37,27),
(152,0,37,28),
(193,0,39,29),
(194,0,39,30),
(195,0,39,31),
(196,0,39,32),
(197,0,39,33),
(198,0,39,34),
(199,0,39,35),
(200,0,39,36),
(201,0,39,37),
(202,0,39,38),
(203,0,39,39),
(204,0,39,40),
(205,0,39,41),
(206,0,39,42),
(207,0,39,43),
(208,0,39,44),
(209,0,39,45),
(210,0,39,46),
(211,0,39,47),
(212,0,39,48),
(213,0,39,49),
(214,0,39,50),
(215,0,39,51),
(216,0,39,52),
(217,0,39,53),
(218,0,39,54),
(219,0,39,55),
(220,0,39,56),
(246,0,41,29),
(247,0,41,30),
(248,0,41,31),
(249,0,41,32),
(250,0,41,33),
(251,0,41,34),
(252,0,41,35),
(253,0,41,36),
(254,0,41,37),
(255,0,41,38),
(256,0,41,39),
(257,0,41,40),
(258,0,41,41),
(259,0,41,42),
(260,0,41,43),
(261,0,41,44),
(262,0,41,45),
(263,0,41,46),
(264,0,41,47),
(265,0,41,48),
(266,0,41,49),
(267,0,41,50),
(268,0,41,51),
(269,0,41,52),
(270,0,41,53),
(271,0,41,54),
(272,0,41,55),
(273,0,41,56),
(274,0,42,57),
(275,0,42,58),
(276,0,42,59),
(277,0,42,60),
(278,0,42,61),
(279,0,42,62),
(280,0,42,63),
(281,0,42,64),
(282,0,42,65),
(283,0,42,66),
(284,0,42,67),
(285,0,42,68),
(286,0,42,69),
(287,0,42,70),
(288,0,42,71),
(289,0,42,72),
(290,0,42,73),
(291,0,42,74),
(292,0,42,75),
(293,0,42,76),
(294,0,42,77),
(295,0,42,78),
(296,0,42,79),
(297,0,42,80),
(298,0,42,81),
(299,0,42,82),
(300,0,42,83),
(301,0,42,84),
(302,0,42,85),
(303,0,42,86),
(304,0,42,87),
(305,0,42,88),
(306,0,42,89),
(307,0,42,90),
(308,0,42,91),
(309,0,42,92),
(310,0,42,93),
(311,0,42,94),
(312,0,42,95),
(313,0,42,96),
(314,0,43,97),
(315,0,43,98),
(316,0,43,99),
(317,0,43,100),
(318,0,43,101),
(319,0,43,102),
(320,0,43,103),
(321,0,43,104),
(322,0,43,105),
(323,0,43,106),
(324,0,43,107),
(325,0,43,108),
(338,0,44,4),
(339,0,44,5),
(340,0,44,6),
(341,0,44,7),
(342,0,44,8),
(343,0,44,9),
(344,0,44,10),
(345,0,44,11),
(346,0,44,12),
(347,0,44,13),
(348,0,44,14),
(349,0,44,15),
(350,0,44,16),
(351,0,44,17),
(352,0,44,18),
(353,0,44,19),
(354,0,44,20),
(355,0,44,21),
(356,0,44,22),
(357,0,44,23),
(358,0,44,24),
(359,0,44,25),
(360,0,44,26),
(361,0,44,27),
(362,0,44,28),
(363,0,45,29),
(364,0,45,30),
(365,0,45,31),
(366,0,45,32),
(367,0,45,33),
(368,0,45,34),
(369,0,45,35),
(370,0,45,36),
(371,0,45,37),
(372,0,45,38),
(373,0,45,39),
(374,0,45,40),
(375,0,45,41),
(376,0,45,42),
(377,0,45,43),
(378,0,45,44),
(379,0,45,45),
(380,0,45,46),
(381,0,45,47),
(382,0,45,48),
(383,0,45,49),
(384,0,45,50),
(385,0,45,51),
(386,0,45,52),
(387,0,45,53),
(388,0,45,54),
(389,0,45,55),
(390,0,45,56),
(391,0,46,57),
(392,0,46,58),
(393,0,46,59),
(394,0,46,60),
(395,0,46,61),
(396,0,46,62),
(397,0,46,63),
(398,0,46,64),
(399,0,46,65),
(400,0,46,66),
(401,0,46,67),
(402,0,46,68),
(403,0,46,69),
(404,0,46,70),
(405,0,46,71),
(406,0,46,72),
(407,0,46,73),
(408,0,46,74),
(409,0,46,75),
(410,0,46,76),
(411,0,46,77),
(412,0,46,78),
(413,0,46,79),
(414,0,46,80),
(415,0,46,81),
(416,0,46,82),
(417,0,46,83),
(418,0,46,84),
(419,0,46,85),
(420,0,46,86),
(421,0,46,87),
(422,0,46,88),
(423,0,46,89),
(424,0,46,90),
(425,0,46,91),
(426,0,46,92),
(427,0,46,93),
(428,0,46,94),
(429,0,46,95),
(430,0,46,96),
(431,0,47,4),
(432,0,47,5),
(433,1,47,6),
(434,1,47,7),
(435,0,47,8),
(436,0,47,9),
(437,0,47,10),
(438,0,47,11),
(439,0,47,12),
(440,0,47,13),
(441,0,47,14),
(442,0,47,15),
(443,0,47,16),
(444,0,47,17),
(445,0,47,18),
(446,0,47,19),
(447,0,47,20),
(448,0,47,21),
(449,0,47,22),
(450,0,47,23),
(451,0,47,24),
(452,0,47,25),
(453,0,47,26),
(454,0,47,27),
(455,0,47,28),
(456,1,48,4),
(457,1,48,5),
(458,1,48,6),
(459,1,48,7),
(460,0,48,8),
(461,0,48,9),
(462,0,48,10),
(463,0,48,11),
(464,0,48,12),
(465,0,48,13),
(466,0,48,14),
(467,0,48,15),
(468,0,48,16),
(469,0,48,17),
(470,0,48,18),
(471,0,48,19),
(472,0,48,20),
(473,0,48,21),
(474,0,48,22),
(475,0,48,23),
(476,0,48,24),
(477,0,48,25),
(478,0,48,26),
(479,0,48,27),
(480,0,48,28),
(481,1,49,29),
(482,1,49,30),
(483,1,49,31),
(484,1,49,32),
(485,0,49,33),
(486,0,49,34),
(487,0,49,35),
(488,0,49,36),
(489,0,49,37),
(490,0,49,38),
(491,0,49,39),
(492,0,49,40),
(493,0,49,41),
(494,0,49,42),
(495,0,49,43),
(496,0,49,44),
(497,0,49,45),
(498,0,49,46),
(499,0,49,47),
(500,0,49,48),
(501,0,49,49),
(502,0,49,50),
(503,0,49,51),
(504,0,49,52),
(505,0,49,53),
(506,0,49,54),
(507,0,49,55),
(508,0,49,56),
(509,0,50,97),
(510,0,50,98),
(511,0,50,99),
(512,0,50,100),
(513,0,50,101),
(514,0,50,102),
(515,0,50,103),
(516,0,50,104),
(517,0,50,105),
(518,0,50,106),
(519,0,50,107),
(520,0,50,108),
(521,0,51,97),
(522,0,51,98),
(523,0,51,99),
(524,0,51,100),
(525,0,51,101),
(526,0,51,102),
(527,0,51,103),
(528,0,51,104),
(529,0,51,105),
(530,0,51,106),
(531,0,51,107),
(532,0,51,108),
(533,0,52,29),
(534,0,52,30),
(535,0,52,31),
(536,0,52,32),
(537,0,52,33),
(538,0,52,34),
(539,0,52,35),
(540,0,52,36),
(541,0,52,37),
(542,0,52,38),
(543,0,52,39),
(544,0,52,40),
(545,0,52,41),
(546,0,52,42),
(547,0,52,43),
(548,0,52,44),
(549,0,52,45),
(550,0,52,46),
(551,0,52,47),
(552,0,52,48),
(553,0,52,49),
(554,0,52,50),
(555,0,52,51),
(556,0,52,52),
(557,0,52,53),
(558,0,52,54),
(559,0,52,55),
(560,0,52,56),
(561,0,53,4),
(562,0,53,5),
(563,0,53,6),
(564,0,53,7),
(565,0,53,8),
(566,0,53,9),
(567,0,53,10),
(568,0,53,11),
(569,0,53,12),
(570,0,53,13),
(571,0,53,14),
(572,0,53,15),
(573,0,53,16),
(574,0,53,17),
(575,0,53,18),
(576,0,53,19),
(577,0,53,20),
(578,0,53,21),
(579,0,53,22),
(580,0,53,23),
(581,0,53,24),
(582,0,53,25),
(583,0,53,26),
(584,0,53,27),
(585,0,53,28),
(586,0,54,57),
(587,0,54,58),
(588,0,54,59),
(589,0,54,60),
(590,0,54,61),
(591,0,54,62),
(592,0,54,63),
(593,0,54,64),
(594,0,54,65),
(595,0,54,66),
(596,0,54,67),
(597,0,54,68),
(598,0,54,69),
(599,0,54,70),
(600,0,54,71),
(601,0,54,72),
(602,0,54,73),
(603,0,54,74),
(604,0,54,75),
(605,0,54,76),
(606,0,54,77),
(607,0,54,78),
(608,0,54,79),
(609,0,54,80),
(610,0,54,81),
(611,0,54,82),
(612,0,54,83),
(613,0,54,84),
(614,0,54,85),
(615,0,54,86),
(616,0,54,87),
(617,0,54,88),
(618,0,54,89),
(619,0,54,90),
(620,0,54,91),
(621,0,54,92),
(622,0,54,93),
(623,0,54,94),
(624,0,54,95),
(625,0,54,96);

/*Table structure for table `user` */

DROP TABLE IF EXISTS `user`;

CREATE TABLE `user` (
  `userID` int(11) NOT NULL AUTO_INCREMENT,
  `firstname` varchar(255) DEFAULT NULL,
  `lastname` varchar(255) DEFAULT NULL,
  `username` varchar(255) DEFAULT NULL,
  `password` varchar(255) DEFAULT NULL,
  `admin` tinyint(1) DEFAULT 0,
  PRIMARY KEY (`userID`)
) ENGINE=InnoDB AUTO_INCREMENT=20 DEFAULT CHARSET=utf8mb4;

/*Data for the table `user` */

insert  into `user`(`userID`,`firstname`,`lastname`,`username`,`password`,`admin`) values 
(1,'Milan','Brkic','milan','c5983e484db0b621516387b3e50af84020b214c0',1),
(3,'Milan','Lalic','lalkec','71126145d7150d2a73703363378bad185d0d2baf',0),
(4,'Milica','Ristic','artristic','dc39ca1c533de9b267ed9c35bd0cc47f280fa021',0),
(8,'Dane','Batinic','batina','0a09d90838afa45149d52de7ed444658850774b2',0),
(10,'Katarina','Brkic','kacun','efaa8189af954132541431b463c38902605d3cef',1),
(11,'Stefan','Acimovic','acim','8d92b152278b96c84890bbfced291322a940d297',0),
(12,'Srdjan','Drecun','krki','dfabb89e4b8889e58f74c8b3a923b583b34b6545',0);

/*!40101 SET SQL_MODE=@OLD_SQL_MODE */;
/*!40014 SET FOREIGN_KEY_CHECKS=@OLD_FOREIGN_KEY_CHECKS */;
/*!40014 SET UNIQUE_CHECKS=@OLD_UNIQUE_CHECKS */;
/*!40111 SET SQL_NOTES=@OLD_SQL_NOTES */;
